Nome,Data de Nascimento,ID
ICARO COSTA HERRERA,27-2-1985 00:00:00,212
DANIEL F N,96-2-6996 00:00:00,213
FRANCISCO AGOSTINHO IVO,30-10-1993 00:00:00,214
FRANMISCA BEKSA SILVM,18-13-2002 00:00:00,215
LUIZA SILVIA SILVA,23-1-1396 00:00:00,216
ANESIO M C,6-2-2004 00:00:00,217
JOSENIAS S C,15-9-2002 00:00:00,218
MIGUEL,13-5-2508 00:00:00,219
ALEXANDRE MARIA PEREIRA,7-6-2004 00:00:00,220
MIKAELLY SOUSA OSVALDO,41-8-2001 00:00:00,221
ROBERTO F G,36-4-9600 00:00:00,222
FRANCISCC OLAVEIRA AOSE,23-8-2002 00:00:00,223
MILTON MACIEL SILVA,7-10-2845 00:00:00,224
GIULIA COSTA BATISTA,21-7-2102 00:00:00,225
MARIA,20-81-2012 00:00:00,226
FRANCIMCA MELO SOUSA,14-11-6008 00:00:00,227
LUANA BERNARDO PINHEIRO,71-2-1997 00:00:00,228
LUCIA SANTOS ALVES,14-10-2095 00:00:00,229
PALOMA GARCIA RODRIGUES,67-7-2005 00:00:00,230
ANDTEA SANTOS SILVA,45-8-1997 00:00:00,231
PEDRO D M,28-3-2511 00:00:00,232
ARLLSSOW ERLTNA MARTINS,5-9-2060 00:00:00,233
JOSE MARTINS FERREIRA,28-10-2039 00:00:00,234
GERMANES VIEIRA RAIMUNDO,20-5-2066 00:00:00,235
FRANCISCO C N,19-4-1979 00:00:00,236
MARIA KSBEIRALXMA,45-8-1995 00:00:00,237
VALINEI S S,9-8-9009 00:00:00,238
MARIA,42-3-1697 00:00:00,239
BEATRIZ ALMEIDA FREITAS,14-7-2011 00:00:00,240
JOSE SANTOS NASCIMENTO,6-5-2904 00:00:00,241
MAURICIO MOURA SOUSA,2-11-5713 00:00:00,242
INGRID G F,94-6-6011 00:00:00,243
MIRLA FATIMA COSTA,15-1-2038 00:00:00,244
NAIARA LOPES SANTOS,13-9-2014 00:00:00,245
TAIS C E,11-4-2011 00:00:00,246
JOICE,7-9-2010 00:00:00,247
MARIA,19-8-1991 00:00:00,248
MARILENE,1-9-5999 00:00:00,249
ANDERSON,6-10-2010 00:00:00,250
RITA,25-4-9003 00:00:00,251
LEYDIANE OLIVEIRA SILVA,6-4-2004 00:00:00,252
CICERA SILVA LUCINDO,10-8-2060 00:00:00,253
PEDRO C X,9-91-2009 00:00:00,254
MIKELLY EVANDIRA SILVA,27-6-2063 00:00:00,255
EBERTH TEIXEIRA MARTINS,12-8-2022 00:00:00,256
MARIA SILVA NASCIMENTO,17-9-8016 00:00:00,257
LEANDRO MARCAL SILVA,4-7-7014 00:00:00,258
FRANCISCO F E,6-6-2000 00:00:00,259
ANDRESSA M A,12-71-1995 00:00:00,260
PUIZ S A,11-7-9999 00:00:00,261
YEGOR ALVES NETO,5-11-1999 00:00:00,262
RONALDO LIMA PEREIRA,11-6-1998 00:00:00,263
DALVA B A,65-3-2411 00:00:00,264
ANDERSON S S,12-5-2301 00:00:00,265
ANTONIO OLIVEIRA CARLOS,41-8-2005 00:00:00,266
OZIEL GOMES PINTO,17-7-2005 00:00:00,267
MARQIO BAFROS AFREC,4-2-1599 00:00:00,268
RONEY RODRIGUES AMARAL,22-9-2020 00:00:00,269
JOAO LIMA SOUSA,23-5-2869 00:00:00,270
ADRIANA G F,25-7-2009 00:00:00,271
KELMA S C,6-10-1999 00:00:00,272
MARIA AMORIM RODRIGUES,23-10-2001 00:00:00,273
WERMESON GORETE OLIVEIRA,46-5-2013 00:00:00,274
RAQUEL MORAIS ALBINO,25-8-2062 00:00:00,275
ARIADNE GOMES OLIVEIRA,7-3-2012 00:00:00,276
MAILANE FREITAS DENIS,11-1-2009 00:00:00,277
FRANCISCO JOSE SANTOS,10-18-6008 00:00:00,278
MARIA SALES SOUZA,1-9-2808 00:00:00,279
ANTONIO,10-7-1008 00:00:00,280
FRANCISCO,64-4-2012 00:00:00,281
ANDRE BRITO SILVA,12-6-5496 00:00:00,282
CARLPA ARAUJF ALVES,8-6-2031 00:00:00,283
MARIA L R,9-0-2008 00:00:00,284
ANGELA SILVA SOUSA,15-2-2007 00:00:00,285
BRUNA GRACAS OLIVEIRA,1-6-5000 00:00:00,286
ANTONIO RODRIGUES CASTRO,8-0-6012 00:00:00,287
ANA RAMOS FELIPE,17-8-6007 00:00:00,288
